Number of Clients,Time Taken (seconds)
1,62.5
2,222.22222222222223
3,130.43478260869566
4,307.6923076923077
5,185.1851851851852
6,500.0
7,466.6666666666667
8,307.6923076923077
