Number of Clients,Time Taken (seconds)
1,90.90909090909092
2,100.0
3,157.89473684210526
4,210.5263157894737
5,156.25
6,315.7894736842105
7,538.4615384615385
8,500.0
