Number of Clients,Time Taken (seconds)
1,16.949152542372882
2,117.6470588235294
3,230.76923076923077
4,200.0
5,250.0
6,300.0
7,636.3636363636364
8,533.3333333333334
