Number of Clients,Time Taken (seconds)
1,33.333333333333336
2,133.33333333333334
3,103.44827586206895
4,235.2941176470588
5,185.1851851851852
6,400.0
7,636.3636363636364
8,421.0526315789474
