Number of Clients,Time Taken (seconds)
1,4.385964912280701
2,100.0
3,230.76923076923077
4,285.7142857142857
5,555.5555555555555
6,187.5
7,212.12121212121212
8,500.0
