Number of Clients,Time Taken (seconds)
1,162.0
2,6.0
3,8.0
4,13.25
5,11.0
6,19.333333333333332
7,14.428571428571429
8,14.0
