Number of Clients,Time Taken (seconds)
1,225.0
2,12.5
3,8.666666666666666
4,10.75
5,7.0
6,14.833333333333334
7,17.428571428571427
8,10.375
