Number of Clients,Time Taken (seconds)
1,6.172839506172839
2,166.66666666666666
3,250.0
4,266.6666666666667
5,357.1428571428571
6,193.5483870967742
7,368.42105263157896
8,470.5882352941176
