Number of Clients,Time Taken (seconds)
1,50.0
2,111.11111111111111
3,214.28571428571428
4,210.5263157894737
5,277.77777777777777
6,352.94117647058823
7,583.3333333333334
8,571.4285714285714
