Number of Clients,Time Taken (seconds)
1,90.90909090909092
2,166.66666666666666
3,272.72727272727275
4,333.3333333333333
5,277.77777777777777
6,230.76923076923077
7,388.8888888888889
8,363.6363636363637
