Number of Clients,Time Taken (seconds)
1,11.0
2,11.0
3,10.333333333333334
4,11.25
5,13.8
6,18.166666666666668
7,13.857142857142858
8,15.0
