Number of Clients,Time Taken (seconds)
1,83.33333333333333
2,125.0
3,250.0
4,173.91304347826087
5,416.6666666666667
6,600.0
7,437.5
8,571.4285714285714
