Number of Clients,Time Taken (seconds)
1,52.631578947368425
2,166.66666666666666
3,250.0
4,307.6923076923077
5,277.77777777777777
6,500.0
7,388.8888888888889
8,800.0
