Number of Clients,Time Taken (seconds)
1,12.0
2,16.0
3,11.0
4,10.25
5,8.2
6,7.166666666666667
7,10.285714285714286
8,8.25
