Number of Clients,Time Taken (seconds)
1,125.0
2,166.66666666666666
3,428.57142857142856
4,222.22222222222223
5,38.167938931297705
6,300.0
7,350.0
8,108.10810810810811
