Number of Clients,Time Taken (seconds)
1,50.0
2,111.11111111111111
3,157.89473684210526
4,137.9310344827586
5,61.72839506172839
6,171.42857142857142
7,538.4615384615385
8,380.9523809523809
