Number of Clients,Time Taken (seconds)
1,38.46153846153846
2,71.42857142857143
3,200.0
4,333.3333333333333
5,200.0
6,400.0
7,333.3333333333333
8,347.82608695652175
