Number of Clients,Time Taken (seconds)
1,5.813953488372094
2,133.33333333333334
3,250.0
4,266.6666666666667
5,172.41379310344826
6,157.89473684210526
7,333.3333333333333
8,470.5882352941176
