Number of Clients,Time Taken (seconds)
1,76.92307692307692
2,400.0
3,600.0
4,444.44444444444446
5,357.1428571428571
6,461.53846153846155
7,280.0
8,266.6666666666667
