Number of Clients,Time Taken (seconds)
1,12.0
2,4.0
3,4.0
4,7.5
5,8.0
6,5.333333333333333
7,8.714285714285714
8,11.25
