Number of Clients,Time Taken (seconds)
1,100.0
2,142.85714285714286
3,200.0
4,129.03225806451613
5,111.11111111111111
6,58.25242718446602
7,466.6666666666667
8,333.3333333333333
