Number of Clients,Time Taken (seconds)
1,14.492753623188404
2,83.33333333333333
3,187.5
4,200.0
5,135.13513513513513
6,272.72727272727275
7,350.0
8,470.5882352941176
