Number of Clients,Time Taken (seconds)
1,338.0
2,7.5
3,10.666666666666666
4,8.75
5,9.0
6,11.0
7,9.571428571428571
8,7.125
