Number of Clients,Time Taken (seconds)
1,47.61904761904761
2,111.11111111111111
3,200.0
4,78.43137254901961
5,49.01960784313726
6,41.95804195804196
7,437.5
8,228.57142857142856
