Number of Clients,Time Taken (seconds)
1,2.9325513196480935
2,250.0
3,230.76923076923077
4,285.7142857142857
5,416.6666666666667
6,333.33333333333337
7,583.3333333333334
8,615.3846153846154
