Number of Clients,Time Taken (seconds)
1,166.66666666666666
2,400.0
3,428.57142857142856
4,222.22222222222223
5,106.38297872340425
6,206.8965517241379
7,411.7647058823529
8,103.8961038961039
