Number of Clients,Time Taken (seconds)
1,5.0
2,5.0
3,5.333333333333333
4,13.5
5,14.0
6,11.833333333333334
7,7.428571428571429
8,18.875
