Number of Clients,Time Taken (seconds)
1,43.47826086956522
2,250.0
3,375.0
4,210.5263157894737
5,41.32231404958678
6,193.5483870967742
7,437.5
8,258.06451612903226
