Number of Clients,Time Taken (seconds)
1,62.5
2,142.85714285714286
3,230.76923076923077
4,173.91304347826087
5,333.33333333333337
6,260.8695652173913
7,500.0
8,888.8888888888889
