Number of Clients,Time Taken (seconds)
1,76.92307692307692
2,111.11111111111111
3,230.76923076923077
4,333.3333333333333
5,333.33333333333337
6,250.0
7,466.6666666666667
8,666.6666666666666
