Number of Clients,Time Taken (seconds)
1,13.0
2,16.0
3,12.0
4,11.0
5,11.8
6,13.833333333333334
7,10.571428571428571
8,8.25
