Number of Clients,Time Taken (seconds)
1,125.0
2,222.22222222222223
3,272.72727272727275
4,210.5263157894737
5,116.27906976744187
6,157.89473684210526
7,148.93617021276594
8,205.12820512820514
