Number of Clients,Time Taken (seconds)
1,100.0
2,166.66666666666666
3,166.66666666666669
4,444.44444444444446
5,357.1428571428571
6,333.33333333333337
7,350.0
8,250.0
