Number of Clients,Time Taken (seconds)
1,52.631578947368425
2,222.22222222222223
3,200.0
4,210.5263157894737
5,208.33333333333334
6,400.0
7,466.6666666666667
8,470.5882352941176
