Number of Clients,Time Taken (seconds)
1,50.0
2,100.0
3,157.89473684210526
4,235.2941176470588
5,357.1428571428571
6,315.7894736842105
7,700.0
8,666.6666666666666
