Number of Clients,Time Taken (seconds)
1,4.3478260869565215
2,133.33333333333334
3,125.0
4,285.7142857142857
5,312.5
6,300.0
7,437.5
8,400.0
