Number of Clients,Time Taken (seconds)
1,4.237288135593221
2,142.85714285714286
3,230.76923076923077
4,285.7142857142857
5,416.6666666666667
6,166.66666666666669
7,388.8888888888889
8,615.3846153846154
