Number of Clients,Time Taken (seconds)
1,19.0
2,0.0
3,0.0
4,0.0
5,7.6
6,7.666666666666667
7,9.428571428571429
8,7.0
