Number of Clients,Time Taken (seconds)
1,111.11111111111111
2,500.0
3,333.33333333333337
4,400.0
5,555.5555555555555
6,260.8695652173913
7,280.0
8,615.3846153846154
