Number of Clients,Time Taken (seconds)
1,9.0
2,4.0
3,5.333333333333333
4,6.75
5,4.6
6,10.5
7,10.857142857142858
8,5.875
