Number of Clients,Time Taken (seconds)
1,52.631578947368425
2,2000.0
3,Infinity
4,Infinity
5,555.5555555555555
6,285.7142857142857
7,269.2307692307692
8,727.2727272727274
