Number of Clients,Time Taken (seconds)
1,66.66666666666667
2,200.0
3,166.66666666666669
4,181.81818181818184
5,250.0
6,300.0
7,350.0
8,615.3846153846154
