Number of Clients,Time Taken (seconds)
1,111.11111111111111
2,153.84615384615384
3,250.0
4,250.0
5,250.0
6,333.33333333333337
7,175.0
8,400.0
