Number of Clients,Time Taken (seconds)
1,83.33333333333333
2,105.26315789473685
3,142.85714285714286
4,142.85714285714286
5,178.57142857142856
6,222.22222222222223
7,388.8888888888889
8,320.0
