Number of Clients,Time Taken (seconds)
1,40.0
2,125.0
3,142.85714285714286
4,200.0
5,50.505050505050505
6,162.16216216216216
7,125.0
8,200.0
