Number of Clients,Time Taken (seconds)
1,Infinity
2,666.6666666666666
3,Infinity
4,250.0
5,1000.0
6,206.8965517241379
7,500.0
8,307.6923076923077
