Number of Clients,Time Taken (seconds)
1,166.66666666666666
2,500.0
3,750.0
4,307.6923076923077
5,100.0
6,101.69491525423729
7,538.4615384615385
8,275.8620689655172
