Number of Clients,Time Taken (seconds)
1,47.61904761904761
2,66.66666666666667
3,142.85714285714286
4,210.5263157894737
5,250.0
6,285.7142857142857
7,583.3333333333334
8,421.0526315789474
