Number of Clients,Time Taken (seconds)
1,58.8235294117647
2,285.7142857142857
3,230.76923076923077
4,210.5263157894737
5,263.15789473684214
6,206.8965517241379
7,118.64406779661017
8,500.0
